dataId,modelName,expMethod,instanceId,pred
wine_quality,mlp,__prediction_only__,56,0
wine_quality,mlp,__prediction_only__,1017,0
wine_quality,mlp,__prediction_only__,1364,0
wine_quality,mlp,__prediction_only__,1544,1
wine_quality,mlp,__prediction_only__,1419,0
wine_quality,mlp,__prediction_only__,786,0
wine_quality,mlp,__prediction_only__,757,0
wine_quality,mlp,__prediction_only__,702,0
wine_quality,mlp,__prediction_only__,522,0
wine_quality,mlp,__prediction_only__,805,1
wine_quality,mlp,__prediction_only__,464,0
wine_quality,mlp,__prediction_only__,986,0
wine_quality,mlp,__prediction_only__,285,0
wine_quality,mlp,__prediction_only__,769,0
wine_quality,mlp,__prediction_only__,956,0
wine_quality,mlp,__prediction_only__,345,0
wine_quality,mlp,__prediction_only__,621,0
wine_quality,mlp,__prediction_only__,1202,1
wine_quality,mlp,__prediction_only__,226,0
wine_quality,mlp,__prediction_only__,368,0
wine_quality,mlp,__prediction_only__,191,0
wine_quality,mlp,__prediction_only__,1032,0
wine_quality,mlp,__prediction_only__,159,0
wine_quality,mlp,__prediction_only__,31,0
wine_quality,mlp,__prediction_only__,336,1
wine_quality,mlp,__prediction_only__,353,0
wine_quality,mlp,__prediction_only__,1129,0
wine_quality,mlp,__prediction_only__,514,1
wine_quality,mlp,__prediction_only__,969,0
wine_quality,mlp,__prediction_only__,1371,0
wine_quality,mlp,__prediction_only__,499,0
wine_quality,mlp,__prediction_only__,1422,0
wine_quality,mlp,__prediction_only__,355,0
wine_quality,mlp,__prediction_only__,198,1
wine_quality,mlp,__prediction_only__,1571,0
wine_quality,mlp,__prediction_only__,101,0
wine_quality,mlp,__prediction_only__,497,0
wine_quality,mlp,__prediction_only__,1541,0
wine_quality,mlp,__prediction_only__,68,0
wine_quality,mlp,__prediction_only__,1100,1
wine_quality,mlp,__prediction_only__,968,0
wine_quality,mlp,__prediction_only__,936,0
wine_quality,mlp,__prediction_only__,1431,0
wine_quality,mlp,__prediction_only__,1454,0
wine_quality,mlp,__prediction_only__,1393,0
wine_quality,mlp,__prediction_only__,1503,0
wine_quality,mlp,__prediction_only__,951,1
wine_quality,mlp,__prediction_only__,246,0
wine_quality,mlp,__prediction_only__,184,0
wine_quality,mlp,__prediction_only__,1101,0
wine_quality,mlp,__prediction_only__,740,0
wine_quality,mlp,__prediction_only__,60,0
wine_quality,mlp,__prediction_only__,527,0
wine_quality,mlp,__prediction_only__,1158,0
wine_quality,mlp,__prediction_only__,85,0
wine_quality,mlp,__prediction_only__,1396,0
wine_quality,mlp,__prediction_only__,1575,0
wine_quality,mlp,__prediction_only__,1132,1
wine_quality,mlp,__prediction_only__,1284,0
wine_quality,mlp,__prediction_only__,820,0
wine_quality,mlp,__prediction_only__,807,1
wine_quality,mlp,__prediction_only__,500,0
wine_quality,mlp,__prediction_only__,942,0
wine_quality,mlp,__prediction_only__,745,0
wine_quality,mlp,__prediction_only__,1529,0
wine_quality,mlp,__prediction_only__,683,0
wine_quality,mlp,__prediction_only__,381,0
wine_quality,mlp,__prediction_only__,823,0
wine_quality,mlp,__prediction_only__,262,0
wine_quality,mlp,__prediction_only__,913,1
wine_quality,mlp,__prediction_only__,250,0
wine_quality,mlp,__prediction_only__,323,0
wine_quality,mlp,__prediction_only__,1258,0
wine_quality,mlp,__prediction_only__,222,0
wine_quality,mlp,__prediction_only__,419,0
wine_quality,mlp,__prediction_only__,1554,0
wine_quality,mlp,__prediction_only__,1083,0
wine_quality,mlp,__prediction_only__,1373,0
wine_quality,mlp,__prediction_only__,1303,0
wine_quality,mlp,__prediction_only__,946,1
wine_quality,mlp,__prediction_only__,557,0
wine_quality,mlp,__prediction_only__,99,0
wine_quality,mlp,__prediction_only__,449,0
wine_quality,mlp,__prediction_only__,1467,0
wine_quality,mlp,__prediction_only__,1029,0
wine_quality,mlp,__prediction_only__,459,0
wine_quality,mlp,__prediction_only__,1248,0
wine_quality,mlp,__prediction_only__,832,0
wine_quality,mlp,__prediction_only__,254,0
wine_quality,mlp,__prediction_only__,1142,0
wine_quality,mlp,__prediction_only__,735,0
wine_quality,mlp,__prediction_only__,14,0
wine_quality,mlp,__prediction_only__,235,0
wine_quality,mlp,__prediction_only__,78,0
wine_quality,mlp,__prediction_only__,402,0
wine_quality,mlp,__prediction_only__,107,0
wine_quality,mlp,__prediction_only__,967,0
wine_quality,mlp,__prediction_only__,613,0
wine_quality,mlp,__prediction_only__,1231,0
wine_quality,mlp,__prediction_only__,883,0
wine_quality,mlp,__prediction_only__,1275,0
wine_quality,mlp,__prediction_only__,948,1
wine_quality,mlp,__prediction_only__,1332,0
wine_quality,mlp,__prediction_only__,1208,0
wine_quality,mlp,__prediction_only__,21,0
wine_quality,mlp,__prediction_only__,383,0
wine_quality,mlp,__prediction_only__,862,0
wine_quality,mlp,__prediction_only__,30,0
wine_quality,mlp,__prediction_only__,458,0
wine_quality,mlp,__prediction_only__,1595,0
wine_quality,mlp,__prediction_only__,815,0
wine_quality,mlp,__prediction_only__,1161,0
wine_quality,mlp,__prediction_only__,604,0
wine_quality,mlp,__prediction_only__,926,0
wine_quality,mlp,__prediction_only__,1400,0
wine_quality,mlp,__prediction_only__,352,0
wine_quality,mlp,__prediction_only__,310,0
wine_quality,mlp,__prediction_only__,751,0
wine_quality,mlp,__prediction_only__,543,0
wine_quality,mlp,__prediction_only__,619,0
wine_quality,mlp,__prediction_only__,296,0
wine_quality,mlp,__prediction_only__,1295,0
wine_quality,mlp,__prediction_only__,1245,0
wine_quality,mlp,__prediction_only__,1055,0
wine_quality,mlp,__prediction_only__,334,0
wine_quality,mlp,__prediction_only__,131,0
wine_quality,mlp,__prediction_only__,490,0
wine_quality,mlp,__prediction_only__,908,0
wine_quality,mlp,__prediction_only__,774,0
wine_quality,mlp,__prediction_only__,631,0
wine_quality,mlp,__prediction_only__,247,0
wine_quality,mlp,__prediction_only__,1030,0
wine_quality,mlp,__prediction_only__,1587,0
wine_quality,mlp,__prediction_only__,636,0
wine_quality,mlp,__prediction_only__,1532,0
wine_quality,mlp,__prediction_only__,187,0
wine_quality,mlp,__prediction_only__,1165,0
wine_quality,mlp,__prediction_only__,9,0
wine_quality,mlp,__prediction_only__,1483,0
wine_quality,mlp,__prediction_only__,1064,0
wine_quality,mlp,__prediction_only__,940,1
wine_quality,mlp,__prediction_only__,792,0
wine_quality,mlp,__prediction_only__,1134,1
wine_quality,mlp,__prediction_only__,780,0
wine_quality,mlp,__prediction_only__,1367,0
wine_quality,mlp,__prediction_only__,287,0
wine_quality,mlp,__prediction_only__,1190,0
wine_quality,mlp,__prediction_only__,824,0
wine_quality,mlp,__prediction_only__,457,0
wine_quality,mlp,__prediction_only__,356,0
wine_quality,mlp,__prediction_only__,1020,0
wine_quality,mlp,__prediction_only__,109,0
wine_quality,mlp,__prediction_only__,34,0
wine_quality,mlp,__prediction_only__,1489,0
wine_quality,mlp,__prediction_only__,671,0
wine_quality,mlp,__prediction_only__,698,0
wine_quality,mlp,__prediction_only__,91,0
wine_quality,mlp,__prediction_only__,155,0
wine_quality,mlp,__prediction_only__,1138,0
wine_quality,mlp,__prediction_only__,76,0
wine_quality,mlp,__prediction_only__,531,0
wine_quality,mlp,__prediction_only__,440,1
wine_quality,mlp,__prediction_only__,737,0
wine_quality,mlp,__prediction_only__,1201,0
wine_quality,mlp,__prediction_only__,86,0
wine_quality,mlp,__prediction_only__,858,0
wine_quality,mlp,__prediction_only__,1072,0
wine_quality,mlp,__prediction_only__,1285,0
wine_quality,mlp,__prediction_only__,22,0
wine_quality,mlp,__prediction_only__,756,0
wine_quality,mlp,__prediction_only__,98,0
wine_quality,mlp,__prediction_only__,570,0
wine_quality,mlp,__prediction_only__,797,0
wine_quality,mlp,__prediction_only__,148,0
wine_quality,mlp,__prediction_only__,859,0
wine_quality,mlp,__prediction_only__,5,0
wine_quality,mlp,__prediction_only__,669,0
wine_quality,mlp,__prediction_only__,506,1
wine_quality,mlp,__prediction_only__,45,0
wine_quality,mlp,__prediction_only__,210,1
wine_quality,mlp,__prediction_only__,548,0
wine_quality,mlp,__prediction_only__,196,0
wine_quality,mlp,__prediction_only__,138,0
wine_quality,mlp,__prediction_only__,1118,0
wine_quality,mlp,__prediction_only__,1252,0
wine_quality,mlp,__prediction_only__,373,0
wine_quality,mlp,__prediction_only__,670,0
wine_quality,mlp,__prediction_only__,876,0
wine_quality,mlp,__prediction_only__,35,0
wine_quality,mlp,__prediction_only__,831,0
wine_quality,mlp,__prediction_only__,397,0
wine_quality,mlp,__prediction_only__,1177,0
wine_quality,mlp,__prediction_only__,990,0
wine_quality,mlp,__prediction_only__,1389,0
wine_quality,mlp,__prediction_only__,591,0
wine_quality,mlp,__prediction_only__,1054,0
wine_quality,mlp,__prediction_only__,1226,0
wine_quality,mlp,__prediction_only__,874,1
wine_quality,mlp,__prediction_only__,630,0
wine_quality,mlp,__prediction_only__,754,0
wine_quality,mlp,__prediction_only__,462,0
wine_quality,mlp,__prediction_only__,266,0
wine_quality,mlp,__prediction_only__,479,0
wine_quality,mlp,__prediction_only__,652,0
wine_quality,mlp,__prediction_only__,1548,0
wine_quality,mlp,__prediction_only__,239,0
wine_quality,mlp,__prediction_only__,933,0
wine_quality,mlp,__prediction_only__,998,0
wine_quality,mlp,__prediction_only__,773,0
wine_quality,mlp,__prediction_only__,887,1
wine_quality,mlp,__prediction_only__,701,0
wine_quality,mlp,__prediction_only__,1470,0
wine_quality,mlp,__prediction_only__,803,0
wine_quality,mlp,__prediction_only__,1432,0
wine_quality,mlp,__prediction_only__,949,1
wine_quality,mlp,__prediction_only__,1463,0
wine_quality,mlp,__prediction_only__,174,0
wine_quality,mlp,__prediction_only__,48,0
wine_quality,mlp,__prediction_only__,1287,0
wine_quality,mlp,__prediction_only__,901,0
wine_quality,mlp,__prediction_only__,1186,0
wine_quality,mlp,__prediction_only__,1294,0
wine_quality,mlp,__prediction_only__,1110,0
wine_quality,mlp,__prediction_only__,263,0
wine_quality,mlp,__prediction_only__,404,0
wine_quality,mlp,__prediction_only__,1301,0
wine_quality,mlp,__prediction_only__,370,0
wine_quality,mlp,__prediction_only__,1466,0
wine_quality,mlp,__prediction_only__,122,0
wine_quality,mlp,__prediction_only__,1509,0
wine_quality,mlp,__prediction_only__,1345,0
wine_quality,mlp,__prediction_only__,208,0
wine_quality,mlp,__prediction_only__,1376,0
wine_quality,mlp,__prediction_only__,582,0
wine_quality,mlp,__prediction_only__,1053,1
wine_quality,mlp,__prediction_only__,338,0
wine_quality,mlp,__prediction_only__,697,0
wine_quality,mlp,__prediction_only__,617,0
wine_quality,mlp,__prediction_only__,991,0
wine_quality,mlp,__prediction_only__,1225,0
wine_quality,mlp,__prediction_only__,1023,1
wine_quality,mlp,__prediction_only__,978,0
wine_quality,mlp,__prediction_only__,654,0
wine_quality,mlp,__prediction_only__,1361,0
wine_quality,mlp,__prediction_only__,764,0
wine_quality,mlp,__prediction_only__,1074,0
wine_quality,mlp,__prediction_only__,330,0
wine_quality,mlp,__prediction_only__,297,0
wine_quality,mlp,__prediction_only__,963,1
wine_quality,mlp,__prediction_only__,160,0
wine_quality,mlp,__prediction_only__,1411,0
wine_quality,mlp,__prediction_only__,1051,0
wine_quality,mlp,__prediction_only__,612,0
wine_quality,mlp,__prediction_only__,825,0
wine_quality,mlp,__prediction_only__,273,0
wine_quality,mlp,__prediction_only__,1543,0
wine_quality,mlp,__prediction_only__,765,0
wine_quality,mlp,__prediction_only__,852,0
wine_quality,mlp,__prediction_only__,144,0
wine_quality,mlp,__prediction_only__,816,0
wine_quality,mlp,__prediction_only__,114,0
wine_quality,mlp,__prediction_only__,1406,1
wine_quality,mlp,__prediction_only__,260,0
wine_quality,mlp,__prediction_only__,201,0
wine_quality,mlp,__prediction_only__,169,0
wine_quality,mlp,__prediction_only__,827,0
wine_quality,mlp,__prediction_only__,1122,0
wine_quality,mlp,__prediction_only__,1464,0
wine_quality,mlp,__prediction_only__,1317,0
wine_quality,mlp,__prediction_only__,1268,0
wine_quality,mlp,__prediction_only__,314,0
wine_quality,mlp,__prediction_only__,301,0
wine_quality,mlp,__prediction_only__,214,0
wine_quality,mlp,__prediction_only__,1308,0
wine_quality,mlp,__prediction_only__,802,1
wine_quality,mlp,__prediction_only__,435,0
wine_quality,mlp,__prediction_only__,931,0
wine_quality,mlp,__prediction_only__,1304,0
wine_quality,mlp,__prediction_only__,925,0
wine_quality,mlp,__prediction_only__,996,0
wine_quality,mlp,__prediction_only__,225,0
wine_quality,mlp,__prediction_only__,53,0
wine_quality,mlp,__prediction_only__,1219,0
wine_quality,mlp,__prediction_only__,976,0
wine_quality,mlp,__prediction_only__,1112,0
wine_quality,mlp,__prediction_only__,384,0
wine_quality,mlp,__prediction_only__,673,0
wine_quality,mlp,__prediction_only__,1013,0
wine_quality,mlp,__prediction_only__,724,0
wine_quality,mlp,__prediction_only__,1173,0
wine_quality,mlp,__prediction_only__,1237,0
wine_quality,mlp,__prediction_only__,1549,0
wine_quality,mlp,__prediction_only__,153,0
wine_quality,mlp,__prediction_only__,1530,0
wine_quality,mlp,__prediction_only__,465,0
wine_quality,mlp,__prediction_only__,746,0
wine_quality,mlp,__prediction_only__,1183,0
wine_quality,mlp,__prediction_only__,1486,0
wine_quality,mlp,__prediction_only__,1482,0
wine_quality,mlp,__prediction_only__,32,0
wine_quality,mlp,__prediction_only__,1244,0
wine_quality,mlp,__prediction_only__,713,0
wine_quality,mlp,__prediction_only__,106,0
wine_quality,mlp,__prediction_only__,1160,1
wine_quality,mlp,__prediction_only__,660,0
wine_quality,mlp,__prediction_only__,1458,0
wine_quality,mlp,__prediction_only__,83,0
wine_quality,mlp,__prediction_only__,1351,0
wine_quality,mlp,__prediction_only__,1230,0
wine_quality,mlp,__prediction_only__,104,0
wine_quality,mlp,__prediction_only__,1117,0
wine_quality,mlp,__prediction_only__,1536,0
wine_quality,mlp,__prediction_only__,1184,0
wine_quality,mlp,__prediction_only__,665,0
wine_quality,mlp,__prediction_only__,644,0
wine_quality,mlp,__prediction_only__,1499,0
wine_quality,mlp,__prediction_only__,1047,0
wine_quality,mlp,__prediction_only__,1434,0
wine_quality,mlp,__prediction_only__,1214,0
wine_quality,mlp,__prediction_only__,1403,0
wine_quality,mlp,__prediction_only__,624,0
wine_quality,mlp,__prediction_only__,857,0
wine_quality,mlp,__prediction_only__,281,0
wine_quality,mlp,__prediction_only__,248,0
wine_quality,mlp,__prediction_only__,1253,0
wine_quality,mlp,__prediction_only__,1104,0
wine_quality,mlp,__prediction_only__,328,0
wine_quality,mlp,__prediction_only__,710,0
wine_quality,mlp,__prediction_only__,13,0
wine_quality,mlp,__prediction_only__,1282,0
wine_quality,mlp,__prediction_only__,1260,0
wine_quality,mlp,__prediction_only__,882,1
wine_quality,mlp,__prediction_only__,661,0
wine_quality,mlp,__prediction_only__,610,0
wine_quality,mlp,__prediction_only__,684,0
wine_quality,mlp,__prediction_only__,74,0
wine_quality,mlp,__prediction_only__,1588,0
wine_quality,mlp,__prediction_only__,503,1
wine_quality,mlp,__prediction_only__,1404,0
wine_quality,mlp,__prediction_only__,1372,0
wine_quality,mlp,__prediction_only__,920,0
wine_quality,mlp,__prediction_only__,1296,0
wine_quality,mlp,__prediction_only__,341,1
wine_quality,mlp,__prediction_only__,731,0
wine_quality,mlp,__prediction_only__,944,1
wine_quality,mlp,__prediction_only__,1379,0
wine_quality,mlp,__prediction_only__,597,0
wine_quality,mlp,__prediction_only__,228,0
wine_quality,mlp,__prediction_only__,1323,1
wine_quality,mlp,__prediction_only__,690,0
wine_quality,mlp,__prediction_only__,907,0
wine_quality,mlp,__prediction_only__,1452,0
wine_quality,mlp,__prediction_only__,430,1
wine_quality,mlp,__prediction_only__,504,1
wine_quality,mlp,__prediction_only__,1429,1
wine_quality,mlp,__prediction_only__,180,0
wine_quality,mlp,__prediction_only__,704,0
wine_quality,mlp,__prediction_only__,234,0
wine_quality,mlp,__prediction_only__,1428,0
wine_quality,mlp,__prediction_only__,912,1
wine_quality,mlp,__prediction_only__,1099,0
wine_quality,mlp,__prediction_only__,482,0
wine_quality,mlp,__prediction_only__,1065,0
wine_quality,mlp,__prediction_only__,716,0
wine_quality,mlp,__prediction_only__,1174,0
wine_quality,mlp,__prediction_only__,1048,0
wine_quality,mlp,__prediction_only__,361,0
wine_quality,mlp,__prediction_only__,80,0
wine_quality,mlp,__prediction_only__,576,0
wine_quality,mlp,__prediction_only__,351,0
wine_quality,mlp,__prediction_only__,788,0
wine_quality,mlp,__prediction_only__,1368,0
wine_quality,mlp,__prediction_only__,161,0
wine_quality,mlp,__prediction_only__,657,0
wine_quality,mlp,__prediction_only__,20,0
wine_quality,mlp,__prediction_only__,387,0
wine_quality,mlp,__prediction_only__,1097,0
wine_quality,mlp,__prediction_only__,444,1
wine_quality,mlp,__prediction_only__,1566,0
wine_quality,mlp,__prediction_only__,43,0
wine_quality,mlp,__prediction_only__,1375,0
wine_quality,mlp,__prediction_only__,93,0
wine_quality,mlp,__prediction_only__,966,0
wine_quality,mlp,__prediction_only__,349,0
wine_quality,mlp,__prediction_only__,469,0
wine_quality,mlp,__prediction_only__,1456,0
wine_quality,mlp,__prediction_only__,787,0
wine_quality,mlp,__prediction_only__,772,0
wine_quality,mlp,__prediction_only__,220,0
wine_quality,mlp,__prediction_only__,398,0
wine_quality,mlp,__prediction_only__,804,0
wine_quality,mlp,__prediction_only__,809,0
wine_quality,mlp,__prediction_only__,1421,0
wine_quality,mlp,__prediction_only__,185,0
wine_quality,mlp,__prediction_only__,1450,0
wine_quality,mlp,__prediction_only__,1283,0
wine_quality,mlp,__prediction_only__,643,0
wine_quality,mlp,__prediction_only__,865,0
wine_quality,mlp,__prediction_only__,1592,0
wine_quality,mlp,__prediction_only__,175,0
wine_quality,mlp,__prediction_only__,505,1
wine_quality,mlp,__prediction_only__,181,0
wine_quality,mlp,__prediction_only__,401,0
wine_quality,mlp,__prediction_only__,509,1
wine_quality,mlp,__prediction_only__,771,0
wine_quality,mlp,__prediction_only__,753,0
wine_quality,mlp,__prediction_only__,1233,0
wine_quality,mlp,__prediction_only__,418,0
wine_quality,mlp,__prediction_only__,900,0
wine_quality,mlp,__prediction_only__,399,0
wine_quality,mlp,__prediction_only__,629,0
wine_quality,mlp,__prediction_only__,934,0
wine_quality,mlp,__prediction_only__,6,0
wine_quality,mlp,__prediction_only__,687,0
wine_quality,mlp,__prediction_only__,1551,0
wine_quality,mlp,__prediction_only__,1224,0
wine_quality,mlp,__prediction_only__,1256,0
wine_quality,mlp,__prediction_only__,723,0
wine_quality,mlp,__prediction_only__,1290,0
wine_quality,mlp,__prediction_only__,1540,0
wine_quality,mlp,__prediction_only__,1067,1
wine_quality,mlp,__prediction_only__,602,0
wine_quality,mlp,__prediction_only__,596,0
wine_quality,mlp,__prediction_only__,272,0
wine_quality,mlp,__prediction_only__,795,0
wine_quality,mlp,__prediction_only__,1057,0
wine_quality,mlp,__prediction_only__,233,0
wine_quality,mlp,__prediction_only__,611,0
wine_quality,mlp,__prediction_only__,1148,0
wine_quality,mlp,__prediction_only__,551,0
wine_quality,mlp,__prediction_only__,884,0
wine_quality,mlp,__prediction_only__,162,0
wine_quality,mlp,__prediction_only__,1043,0
wine_quality,mlp,__prediction_only__,258,0
wine_quality,mlp,__prediction_only__,567,0
wine_quality,mlp,__prediction_only__,1243,0
wine_quality,mlp,__prediction_only__,1024,0
wine_quality,mlp,__prediction_only__,960,0
wine_quality,mlp,__prediction_only__,575,0
wine_quality,mlp,__prediction_only__,1169,0
wine_quality,mlp,__prediction_only__,510,0
wine_quality,mlp,__prediction_only__,537,0
wine_quality,mlp,__prediction_only__,358,0
wine_quality,mlp,__prediction_only__,1382,0
wine_quality,mlp,__prediction_only__,922,0
wine_quality,mlp,__prediction_only__,400,0
wine_quality,mlp,__prediction_only__,911,0
wine_quality,mlp,__prediction_only__,1572,0
wine_quality,mlp,__prediction_only__,1331,0
wine_quality,mlp,__prediction_only__,1028,0
wine_quality,mlp,__prediction_only__,385,0
wine_quality,mlp,__prediction_only__,1435,0
wine_quality,mlp,__prediction_only__,714,0
wine_quality,mlp,__prediction_only__,545,0
wine_quality,mlp,__prediction_only__,63,0
wine_quality,mlp,__prediction_only__,1426,0
wine_quality,mlp,__prediction_only__,1471,0
wine_quality,mlp,__prediction_only__,178,0
wine_quality,mlp,__prediction_only__,308,0
wine_quality,mlp,__prediction_only__,1491,0
wine_quality,mlp,__prediction_only__,846,0
wine_quality,mlp,__prediction_only__,569,0
wine_quality,mlp,__prediction_only__,111,0
wine_quality,mlp,__prediction_only__,664,0
wine_quality,mlp,__prediction_only__,1204,0
wine_quality,mlp,__prediction_only__,1338,0
wine_quality,mlp,__prediction_only__,396,0
wine_quality,mlp,__prediction_only__,811,0
wine_quality,mlp,__prediction_only__,1007,1
wine_quality,mlp,__prediction_only__,1276,0
wine_quality,mlp,__prediction_only__,633,0
wine_quality,mlp,__prediction_only__,552,0
wine_quality,mlp,__prediction_only__,480,0
wine_quality,mlp,__prediction_only__,784,0
wine_quality,mlp,__prediction_only__,1490,0
wine_quality,mlp,__prediction_only__,947,1
wine_quality,mlp,__prediction_only__,511,0
wine_quality,mlp,__prediction_only__,369,1
wine_quality,mlp,__prediction_only__,1162,1
wine_quality,mlp,__prediction_only__,561,0
wine_quality,mlp,__prediction_only__,1383,0
wine_quality,mlp,__prediction_only__,730,0
wine_quality,mlp,__prediction_only__,488,0
wine_quality,mlp,__prediction_only__,348,0
wine_quality,mlp,__prediction_only__,304,0
wine_quality,mlp,__prediction_only__,1412,1
wine_quality,mlp,__prediction_only__,329,0
wine_quality,mlp,__prediction_only__,1103,0
wine_quality,mlp,__prediction_only__,1078,0
wine_quality,mlp,__prediction_only__,268,0
wine_quality,mlp,__prediction_only__,1397,0
wine_quality,mlp,__prediction_only__,1257,0
wine_quality,mlp,__prediction_only__,563,0
wine_quality,mlp,__prediction_only__,1031,0
wine_quality,mlp,__prediction_only__,95,0
wine_quality,mlp,__prediction_only__,1561,0
wine_quality,mlp,__prediction_only__,501,1
wine_quality,mlp,__prediction_only__,253,0
wine_quality,mlp,__prediction_only__,4,0
wine_quality,mlp,__prediction_only__,651,0
wine_quality,mlp,__prediction_only__,326,1
wine_quality,mlp,__prediction_only__,1187,0
wine_quality,mlp,__prediction_only__,467,1
wine_quality,mlp,__prediction_only__,476,0
wine_quality,mlp,__prediction_only__,955,0
wine_quality,mlp,__prediction_only__,206,0
wine_quality,mlp,__prediction_only__,75,0
wine_quality,mlp,__prediction_only__,1163,0
wine_quality,mlp,__prediction_only__,283,0
wine_quality,mlp,__prediction_only__,1182,0
wine_quality,mlp,__prediction_only__,798,0
wine_quality,mlp,__prediction_only__,143,0
wine_quality,mlp,__prediction_only__,1175,0
wine_quality,mlp,__prediction_only__,609,0
wine_quality,mlp,__prediction_only__,280,0
wine_quality,mlp,__prediction_only__,1292,0
wine_quality,mlp,__prediction_only__,1395,0
wine_quality,mlp,__prediction_only__,376,0
wine_quality,mlp,__prediction_only__,1209,0
wine_quality,mlp,__prediction_only__,837,0
wine_quality,mlp,__prediction_only__,1343,0
wine_quality,mlp,__prediction_only__,289,0
wine_quality,mlp,__prediction_only__,77,0
wine_quality,mlp,__prediction_only__,1008,1
wine_quality,mlp,__prediction_only__,478,0
wine_quality,mlp,__prediction_only__,1168,0
wine_quality,mlp,__prediction_only__,577,0
wine_quality,mlp,__prediction_only__,129,0
wine_quality,mlp,__prediction_only__,854,0
wine_quality,mlp,__prediction_only__,1576,0
wine_quality,mlp,__prediction_only__,985,0
wine_quality,mlp,__prediction_only__,1357,0
wine_quality,mlp,__prediction_only__,276,0
wine_quality,mlp,__prediction_only__,115,0
wine_quality,mlp,__prediction_only__,395,0
wine_quality,mlp,__prediction_only__,676,0
wine_quality,mlp,__prediction_only__,256,0
wine_quality,mlp,__prediction_only__,128,0
wine_quality,mlp,__prediction_only__,1500,0
wine_quality,mlp,__prediction_only__,645,0
wine_quality,mlp,__prediction_only__,695,0
wine_quality,mlp,__prediction_only__,1191,0
wine_quality,mlp,__prediction_only__,759,0
wine_quality,mlp,__prediction_only__,635,0
wine_quality,mlp,__prediction_only__,72,0
wine_quality,mlp,__prediction_only__,342,0
wine_quality,mlp,__prediction_only__,1076,1
wine_quality,mlp,__prediction_only__,1363,0
wine_quality,mlp,__prediction_only__,1305,0
wine_quality,mlp,__prediction_only__,1477,1
wine_quality,mlp,__prediction_only__,1366,0
wine_quality,mlp,__prediction_only__,785,0
wine_quality,mlp,__prediction_only__,1310,0
wine_quality,mlp,__prediction_only__,1444,0
wine_quality,mlp,__prediction_only__,709,0
wine_quality,mlp,__prediction_only__,87,0
wine_quality,mlp,__prediction_only__,489,0
wine_quality,mlp,__prediction_only__,638,0
wine_quality,mlp,__prediction_only__,1328,0
wine_quality,mlp,__prediction_only__,994,0
wine_quality,mlp,__prediction_only__,999,0
wine_quality,mlp,__prediction_only__,305,0
wine_quality,mlp,__prediction_only__,589,1
wine_quality,mlp,__prediction_only__,685,0
wine_quality,mlp,__prediction_only__,1091,0
wine_quality,mlp,__prediction_only__,1578,0
wine_quality,mlp,__prediction_only__,315,0
wine_quality,mlp,__prediction_only__,650,0
wine_quality,mlp,__prediction_only__,202,0
wine_quality,mlp,__prediction_only__,1336,0
wine_quality,mlp,__prediction_only__,1550,0
wine_quality,mlp,__prediction_only__,559,0
wine_quality,mlp,__prediction_only__,872,0
wine_quality,mlp,__prediction_only__,970,0
wine_quality,mlp,__prediction_only__,799,0
wine_quality,mlp,__prediction_only__,0,0
wine_quality,mlp,__prediction_only__,866,0
wine_quality,mlp,__prediction_only__,182,0
wine_quality,mlp,__prediction_only__,446,0
wine_quality,mlp,__prediction_only__,1545,0
wine_quality,mlp,__prediction_only__,918,0
wine_quality,mlp,__prediction_only__,133,0
wine_quality,mlp,__prediction_only__,750,0
wine_quality,mlp,__prediction_only__,1584,1
wine_quality,mlp,__prediction_only__,1140,0
wine_quality,mlp,__prediction_only__,1314,0
wine_quality,mlp,__prediction_only__,116,0
wine_quality,mlp,__prediction_only__,647,0
wine_quality,mlp,__prediction_only__,1157,1
wine_quality,mlp,__prediction_only__,1340,0
wine_quality,mlp,__prediction_only__,317,0
wine_quality,mlp,__prediction_only__,461,0
wine_quality,mlp,__prediction_only__,1089,0
wine_quality,mlp,__prediction_only__,428,0
wine_quality,mlp,__prediction_only__,139,0
wine_quality,mlp,__prediction_only__,1380,0
wine_quality,mlp,__prediction_only__,538,0
wine_quality,mlp,__prediction_only__,627,0
wine_quality,mlp,__prediction_only__,958,0
wine_quality,mlp,__prediction_only__,881,0
wine_quality,mlp,__prediction_only__,1271,0
wine_quality,mlp,__prediction_only__,1318,0
wine_quality,mlp,__prediction_only__,895,0
wine_quality,mlp,__prediction_only__,393,0
wine_quality,mlp,__prediction_only__,1493,0
wine_quality,mlp,__prediction_only__,885,0
wine_quality,mlp,__prediction_only__,194,0
wine_quality,mlp,__prediction_only__,1280,0
wine_quality,mlp,__prediction_only__,123,0
wine_quality,mlp,__prediction_only__,1265,0
wine_quality,mlp,__prediction_only__,1474,0
wine_quality,mlp,__prediction_only__,1170,0
wine_quality,mlp,__prediction_only__,1228,0
wine_quality,mlp,__prediction_only__,350,0
wine_quality,mlp,__prediction_only__,8,0
wine_quality,mlp,__prediction_only__,518,0
wine_quality,mlp,__prediction_only__,573,0
wine_quality,mlp,__prediction_only__,427,0
wine_quality,mlp,__prediction_only__,1597,0
wine_quality,mlp,__prediction_only__,1321,0
wine_quality,mlp,__prediction_only__,729,0
wine_quality,mlp,__prediction_only__,119,0
wine_quality,mlp,__prediction_only__,1320,0
wine_quality,mlp,__prediction_only__,150,0
wine_quality,mlp,__prediction_only__,1281,0
wine_quality,mlp,__prediction_only__,1573,0
wine_quality,mlp,__prediction_only__,783,0
wine_quality,mlp,__prediction_only__,232,0
wine_quality,mlp,__prediction_only__,1481,0
wine_quality,mlp,__prediction_only__,1143,0
wine_quality,mlp,__prediction_only__,1234,0
wine_quality,mlp,__prediction_only__,441,1
wine_quality,mlp,__prediction_only__,331,0
wine_quality,mlp,__prediction_only__,1394,0
wine_quality,mlp,__prediction_only__,293,0
wine_quality,mlp,__prediction_only__,46,0
wine_quality,mlp,__prediction_only__,147,0
wine_quality,mlp,__prediction_only__,332,0
wine_quality,mlp,__prediction_only__,819,0
wine_quality,mlp,__prediction_only__,1353,0
wine_quality,mlp,__prediction_only__,977,0
wine_quality,mlp,__prediction_only__,930,0
wine_quality,mlp,__prediction_only__,904,0
wine_quality,mlp,__prediction_only__,7,0
wine_quality,mlp,__prediction_only__,18,0
wine_quality,mlp,__prediction_only__,324,0
wine_quality,mlp,__prediction_only__,1525,0
wine_quality,mlp,__prediction_only__,869,0
wine_quality,mlp,__prediction_only__,878,0
wine_quality,mlp,__prediction_only__,1469,0
wine_quality,mlp,__prediction_only__,965,0
wine_quality,mlp,__prediction_only__,791,0
wine_quality,mlp,__prediction_only__,1166,0
wine_quality,mlp,__prediction_only__,1060,0
wine_quality,mlp,__prediction_only__,655,0
wine_quality,mlp,__prediction_only__,880,0
wine_quality,mlp,__prediction_only__,777,0
wine_quality,mlp,__prediction_only__,760,0
wine_quality,mlp,__prediction_only__,523,0
wine_quality,mlp,__prediction_only__,1299,0
wine_quality,mlp,__prediction_only__,945,0
wine_quality,mlp,__prediction_only__,868,0
wine_quality,mlp,__prediction_only__,484,0
wine_quality,mlp,__prediction_only__,110,0
wine_quality,mlp,__prediction_only__,608,0
wine_quality,mlp,__prediction_only__,1261,0
wine_quality,mlp,__prediction_only__,700,0
wine_quality,mlp,__prediction_only__,1232,0
wine_quality,mlp,__prediction_only__,264,0
wine_quality,mlp,__prediction_only__,941,0
wine_quality,mlp,__prediction_only__,1441,0
wine_quality,mlp,__prediction_only__,1272,0
wine_quality,mlp,__prediction_only__,1179,0
wine_quality,mlp,__prediction_only__,1082,0
wine_quality,mlp,__prediction_only__,47,0
wine_quality,mlp,__prediction_only__,605,0
wine_quality,mlp,__prediction_only__,79,0
wine_quality,mlp,__prediction_only__,135,0
wine_quality,mlp,__prediction_only__,971,0
wine_quality,mlp,__prediction_only__,230,0
wine_quality,mlp,__prediction_only__,836,0
wine_quality,mlp,__prediction_only__,274,0
wine_quality,mlp,__prediction_only__,1518,0
wine_quality,mlp,__prediction_only__,564,0
wine_quality,mlp,__prediction_only__,277,0
wine_quality,mlp,__prediction_only__,1443,0
wine_quality,mlp,__prediction_only__,105,0
wine_quality,mlp,__prediction_only__,492,1
wine_quality,mlp,__prediction_only__,915,1
wine_quality,mlp,__prediction_only__,1147,0
wine_quality,mlp,__prediction_only__,1409,0
wine_quality,mlp,__prediction_only__,699,0
wine_quality,mlp,__prediction_only__,983,0
wine_quality,mlp,__prediction_only__,421,0
wine_quality,mlp,__prediction_only__,90,0
wine_quality,mlp,__prediction_only__,1496,0
wine_quality,mlp,__prediction_only__,1164,0
wine_quality,mlp,__prediction_only__,392,0
wine_quality,mlp,__prediction_only__,634,0
wine_quality,mlp,__prediction_only__,1006,1
wine_quality,mlp,__prediction_only__,663,1
wine_quality,mlp,__prediction_only__,1241,0
wine_quality,mlp,__prediction_only__,781,0
wine_quality,mlp,__prediction_only__,1506,0
wine_quality,mlp,__prediction_only__,1042,0
wine_quality,mlp,__prediction_only__,1137,0
wine_quality,mlp,__prediction_only__,1560,0
wine_quality,mlp,__prediction_only__,1203,0
wine_quality,mlp,__prediction_only__,1050,0
wine_quality,mlp,__prediction_only__,1216,0
wine_quality,mlp,__prediction_only__,529,0
wine_quality,mlp,__prediction_only__,1526,0
wine_quality,mlp,__prediction_only__,445,0
wine_quality,mlp,__prediction_only__,1139,0
wine_quality,mlp,__prediction_only__,817,1
wine_quality,mlp,__prediction_only__,1335,0
wine_quality,mlp,__prediction_only__,574,0
wine_quality,mlp,__prediction_only__,566,0
wine_quality,mlp,__prediction_only__,113,0
wine_quality,mlp,__prediction_only__,1249,0
wine_quality,mlp,__prediction_only__,1092,0
wine_quality,mlp,__prediction_only__,1111,0
wine_quality,mlp,__prediction_only__,1446,0
wine_quality,mlp,__prediction_only__,1113,0
wine_quality,mlp,__prediction_only__,863,0
wine_quality,mlp,__prediction_only__,1212,0
wine_quality,mlp,__prediction_only__,1517,0
wine_quality,mlp,__prediction_only__,321,0
wine_quality,mlp,__prediction_only__,11,0
wine_quality,mlp,__prediction_only__,796,0
wine_quality,mlp,__prediction_only__,1188,0
wine_quality,mlp,__prediction_only__,433,0
wine_quality,mlp,__prediction_only__,447,0
wine_quality,mlp,__prediction_only__,1339,0
wine_quality,mlp,__prediction_only__,1501,0
wine_quality,mlp,__prediction_only__,1352,0
wine_quality,mlp,__prediction_only__,534,0
wine_quality,mlp,__prediction_only__,486,0
wine_quality,mlp,__prediction_only__,1022,0
wine_quality,mlp,__prediction_only__,1015,1
wine_quality,mlp,__prediction_only__,360,0
wine_quality,mlp,__prediction_only__,33,0
wine_quality,mlp,__prediction_only__,1277,0
wine_quality,mlp,__prediction_only__,49,0
wine_quality,mlp,__prediction_only__,249,0
wine_quality,mlp,__prediction_only__,343,0
wine_quality,mlp,__prediction_only__,879,0
wine_quality,mlp,__prediction_only__,466,0
wine_quality,mlp,__prediction_only__,533,0
wine_quality,mlp,__prediction_only__,813,0
wine_quality,mlp,__prediction_only__,1034,0
wine_quality,mlp,__prediction_only__,838,1
wine_quality,mlp,__prediction_only__,801,0
wine_quality,mlp,__prediction_only__,171,0
wine_quality,mlp,__prediction_only__,1098,1
wine_quality,mlp,__prediction_only__,734,0
wine_quality,mlp,__prediction_only__,1136,0
wine_quality,mlp,__prediction_only__,560,0
wine_quality,mlp,__prediction_only__,340,0
wine_quality,mlp,__prediction_only__,715,0
wine_quality,mlp,__prediction_only__,59,0
wine_quality,mlp,__prediction_only__,888,0
wine_quality,mlp,__prediction_only__,1569,0
wine_quality,mlp,__prediction_only__,494,0
wine_quality,mlp,__prediction_only__,405,0
wine_quality,mlp,__prediction_only__,1381,0
wine_quality,mlp,__prediction_only__,1358,0
wine_quality,mlp,__prediction_only__,547,0
wine_quality,mlp,__prediction_only__,1105,0
wine_quality,mlp,__prediction_only__,1598,0
wine_quality,mlp,__prediction_only__,517,0
wine_quality,mlp,__prediction_only__,694,0
wine_quality,mlp,__prediction_only__,386,0
wine_quality,mlp,__prediction_only__,1410,0
wine_quality,mlp,__prediction_only__,66,0
wine_quality,mlp,__prediction_only__,658,0
wine_quality,mlp,__prediction_only__,834,0
wine_quality,mlp,__prediction_only__,1000,0
wine_quality,mlp,__prediction_only__,1167,1
wine_quality,mlp,__prediction_only__,1402,1
wine_quality,mlp,__prediction_only__,850,0
wine_quality,mlp,__prediction_only__,333,0
wine_quality,mlp,__prediction_only__,1086,0
wine_quality,mlp,__prediction_only__,556,0
wine_quality,mlp,__prediction_only__,1044,0
wine_quality,mlp,__prediction_only__,1066,1
wine_quality,mlp,__prediction_only__,1311,0
wine_quality,mlp,__prediction_only__,205,0
wine_quality,mlp,__prediction_only__,606,1
wine_quality,mlp,__prediction_only__,1498,0
wine_quality,mlp,__prediction_only__,312,0
wine_quality,mlp,__prediction_only__,973,0
wine_quality,mlp,__prediction_only__,2,0
wine_quality,mlp,__prediction_only__,1073,0
wine_quality,mlp,__prediction_only__,288,0
wine_quality,mlp,__prediction_only__,625,0
wine_quality,mlp,__prediction_only__,1427,0
wine_quality,mlp,__prediction_only__,1109,0
wine_quality,mlp,__prediction_only__,1171,0
wine_quality,mlp,__prediction_only__,1558,0
wine_quality,mlp,__prediction_only__,826,0
wine_quality,mlp,__prediction_only__,1116,0
wine_quality,mlp,__prediction_only__,1307,0
wine_quality,mlp,__prediction_only__,1354,0
wine_quality,mlp,__prediction_only__,914,0
wine_quality,mlp,__prediction_only__,952,0
wine_quality,mlp,__prediction_only__,224,0
wine_quality,mlp,__prediction_only__,1539,0
wine_quality,mlp,__prediction_only__,307,0
wine_quality,mlp,__prediction_only__,711,0
wine_quality,mlp,__prediction_only__,1349,0
wine_quality,mlp,__prediction_only__,1390,0
wine_quality,mlp,__prediction_only__,388,0
wine_quality,mlp,__prediction_only__,898,1
wine_quality,mlp,__prediction_only__,164,0
wine_quality,mlp,__prediction_only__,691,0
wine_quality,mlp,__prediction_only__,407,0
wine_quality,mlp,__prediction_only__,94,0
wine_quality,mlp,__prediction_only__,1291,0
wine_quality,mlp,__prediction_only__,450,0
wine_quality,mlp,__prediction_only__,1153,0
wine_quality,mlp,__prediction_only__,89,0
wine_quality,mlp,__prediction_only__,705,0
wine_quality,mlp,__prediction_only__,821,1
wine_quality,mlp,__prediction_only__,1582,0
wine_quality,mlp,__prediction_only__,1399,0
wine_quality,mlp,__prediction_only__,410,0
wine_quality,mlp,__prediction_only__,939,0
wine_quality,mlp,__prediction_only__,84,0
wine_quality,mlp,__prediction_only__,1430,0
wine_quality,mlp,__prediction_only__,1041,0
wine_quality,mlp,__prediction_only__,1468,0
wine_quality,mlp,__prediction_only__,1579,0
wine_quality,mlp,__prediction_only__,1266,0
wine_quality,mlp,__prediction_only__,889,0
wine_quality,mlp,__prediction_only__,1144,0
wine_quality,mlp,__prediction_only__,988,0
wine_quality,mlp,__prediction_only__,145,0
wine_quality,mlp,__prediction_only__,298,0
wine_quality,mlp,__prediction_only__,468,0
wine_quality,mlp,__prediction_only__,568,0
wine_quality,mlp,__prediction_only__,50,0
wine_quality,mlp,__prediction_only__,1106,0
wine_quality,mlp,__prediction_only__,183,0
wine_quality,mlp,__prediction_only__,475,0
wine_quality,mlp,__prediction_only__,1056,0
wine_quality,mlp,__prediction_only__,1123,0
wine_quality,mlp,__prediction_only__,1589,0
wine_quality,mlp,__prediction_only__,648,0
wine_quality,mlp,__prediction_only__,179,0
wine_quality,mlp,__prediction_only__,1408,1
wine_quality,mlp,__prediction_only__,1567,0
wine_quality,mlp,__prediction_only__,313,0
wine_quality,mlp,__prediction_only__,1080,0
wine_quality,mlp,__prediction_only__,121,0
wine_quality,mlp,__prediction_only__,493,0
wine_quality,mlp,__prediction_only__,3,0
wine_quality,mlp,__prediction_only__,1418,0
wine_quality,mlp,__prediction_only__,12,0
wine_quality,mlp,__prediction_only__,141,0
wine_quality,mlp,__prediction_only__,1270,0
wine_quality,mlp,__prediction_only__,793,0
wine_quality,mlp,__prediction_only__,987,0
wine_quality,mlp,__prediction_only__,1049,0
wine_quality,mlp,__prediction_only__,61,0
wine_quality,mlp,__prediction_only__,770,0
wine_quality,mlp,__prediction_only__,995,0
wine_quality,mlp,__prediction_only__,1180,0
wine_quality,mlp,__prediction_only__,512,0
wine_quality,mlp,__prediction_only__,762,0
wine_quality,mlp,__prediction_only__,1325,0
wine_quality,mlp,__prediction_only__,1221,0
wine_quality,mlp,__prediction_only__,681,0
wine_quality,mlp,__prediction_only__,177,0
wine_quality,mlp,__prediction_only__,593,0
wine_quality,mlp,__prediction_only__,485,0
wine_quality,mlp,__prediction_only__,935,0
wine_quality,mlp,__prediction_only__,379,0
wine_quality,mlp,__prediction_only__,286,0
wine_quality,mlp,__prediction_only__,919,0
wine_quality,mlp,__prediction_only__,553,0
wine_quality,mlp,__prediction_only__,189,0
wine_quality,mlp,__prediction_only__,1437,0
wine_quality,mlp,__prediction_only__,52,0
wine_quality,mlp,__prediction_only__,1590,0
wine_quality,mlp,__prediction_only__,1522,0
wine_quality,mlp,__prediction_only__,708,0
wine_quality,mlp,__prediction_only__,886,0
wine_quality,mlp,__prediction_only__,124,0
wine_quality,mlp,__prediction_only__,64,0
wine_quality,mlp,__prediction_only__,236,0
wine_quality,mlp,__prediction_only__,303,0
wine_quality,mlp,__prediction_only__,168,0
wine_quality,mlp,__prediction_only__,420,0
wine_quality,mlp,__prediction_only__,571,0
wine_quality,mlp,__prediction_only__,916,0
wine_quality,mlp,__prediction_only__,1196,0
wine_quality,mlp,__prediction_only__,1313,0
wine_quality,mlp,__prediction_only__,747,0
wine_quality,mlp,__prediction_only__,65,0
wine_quality,mlp,__prediction_only__,1156,0
wine_quality,mlp,__prediction_only__,667,0
wine_quality,mlp,__prediction_only__,1052,0
wine_quality,mlp,__prediction_only__,1521,0
wine_quality,mlp,__prediction_only__,637,0
wine_quality,mlp,__prediction_only__,408,1
wine_quality,mlp,__prediction_only__,1414,0
wine_quality,mlp,__prediction_only__,412,0
wine_quality,mlp,__prediction_only__,495,0
wine_quality,mlp,__prediction_only__,980,0
wine_quality,mlp,__prediction_only__,844,1
wine_quality,mlp,__prediction_only__,1594,0
wine_quality,mlp,__prediction_only__,1342,0
wine_quality,mlp,__prediction_only__,215,0
wine_quality,mlp,__prediction_only__,1570,1
wine_quality,mlp,__prediction_only__,603,0
wine_quality,mlp,__prediction_only__,498,0
wine_quality,mlp,__prediction_only__,54,0
wine_quality,mlp,__prediction_only__,188,0
wine_quality,mlp,__prediction_only__,403,0
wine_quality,mlp,__prediction_only__,1448,0
wine_quality,mlp,__prediction_only__,1417,1
wine_quality,mlp,__prediction_only__,279,0
wine_quality,mlp,__prediction_only__,938,0
wine_quality,mlp,__prediction_only__,173,0
wine_quality,mlp,__prediction_only__,1141,0
wine_quality,mlp,__prediction_only__,67,0
wine_quality,mlp,__prediction_only__,322,0
wine_quality,mlp,__prediction_only__,1401,0
wine_quality,mlp,__prediction_only__,1026,0
wine_quality,mlp,__prediction_only__,1217,1
wine_quality,mlp,__prediction_only__,28,0
wine_quality,mlp,__prediction_only__,1035,0
wine_quality,mlp,__prediction_only__,1585,0
wine_quality,mlp,__prediction_only__,97,0
wine_quality,mlp,__prediction_only__,1149,0
wine_quality,mlp,__prediction_only__,70,0
wine_quality,mlp,__prediction_only__,1580,0
wine_quality,mlp,__prediction_only__,1223,1
wine_quality,mlp,__prediction_only__,1198,0
wine_quality,mlp,__prediction_only__,1185,0
wine_quality,mlp,__prediction_only__,1069,0
wine_quality,mlp,__prediction_only__,906,0
wine_quality,mlp,__prediction_only__,318,0
wine_quality,mlp,__prediction_only__,732,0
wine_quality,mlp,__prediction_only__,1222,0
wine_quality,mlp,__prediction_only__,1502,0
wine_quality,mlp,__prediction_only__,1475,1
wine_quality,mlp,__prediction_only__,40,0
wine_quality,mlp,__prediction_only__,607,0
wine_quality,mlp,__prediction_only__,1005,1
wine_quality,mlp,__prediction_only__,1326,0
wine_quality,mlp,__prediction_only__,71,0
wine_quality,mlp,__prediction_only__,483,0
wine_quality,mlp,__prediction_only__,1312,0
wine_quality,mlp,__prediction_only__,359,0
wine_quality,mlp,__prediction_only__,62,0
wine_quality,mlp,__prediction_only__,1423,0
wine_quality,mlp,__prediction_only__,1445,0
wine_quality,mlp,__prediction_only__,549,0
wine_quality,mlp,__prediction_only__,718,0
wine_quality,mlp,__prediction_only__,1497,0
wine_quality,mlp,__prediction_only__,749,0
wine_quality,mlp,__prediction_only__,1479,0
wine_quality,mlp,__prediction_only__,73,0
wine_quality,mlp,__prediction_only__,1537,0
wine_quality,mlp,__prediction_only__,790,0
wine_quality,mlp,__prediction_only__,1298,0
wine_quality,mlp,__prediction_only__,82,0
wine_quality,mlp,__prediction_only__,1077,0
wine_quality,mlp,__prediction_only__,411,0
wine_quality,mlp,__prediction_only__,1581,0
wine_quality,mlp,__prediction_only__,190,0
wine_quality,mlp,__prediction_only__,733,0
wine_quality,mlp,__prediction_only__,525,0
wine_quality,mlp,__prediction_only__,238,0
wine_quality,mlp,__prediction_only__,979,0
wine_quality,mlp,__prediction_only__,587,0
wine_quality,mlp,__prediction_only__,706,0
wine_quality,mlp,__prediction_only__,1096,0
wine_quality,mlp,__prediction_only__,1542,0
wine_quality,mlp,__prediction_only__,1527,0
wine_quality,mlp,__prediction_only__,26,0
wine_quality,mlp,__prediction_only__,429,0
wine_quality,mlp,__prediction_only__,58,0
wine_quality,mlp,__prediction_only__,375,1
wine_quality,mlp,__prediction_only__,1093,1
wine_quality,mlp,__prediction_only__,1115,0
wine_quality,mlp,__prediction_only__,808,0
wine_quality,mlp,__prediction_only__,1254,0
wine_quality,mlp,__prediction_only__,300,0
wine_quality,mlp,__prediction_only__,290,0
wine_quality,mlp,__prediction_only__,584,0
wine_quality,mlp,__prediction_only__,674,0
wine_quality,mlp,__prediction_only__,842,0
wine_quality,mlp,__prediction_only__,513,1
wine_quality,mlp,__prediction_only__,520,0
wine_quality,mlp,__prediction_only__,1451,0
wine_quality,mlp,__prediction_only__,678,0
wine_quality,mlp,__prediction_only__,1457,0
wine_quality,mlp,__prediction_only__,1068,1
wine_quality,mlp,__prediction_only__,1293,0
wine_quality,mlp,__prediction_only__,583,0
wine_quality,mlp,__prediction_only__,1088,0
wine_quality,mlp,__prediction_only__,1084,0
wine_quality,mlp,__prediction_only__,1004,0
wine_quality,mlp,__prediction_only__,848,0
wine_quality,mlp,__prediction_only__,840,1
wine_quality,mlp,__prediction_only__,252,0
wine_quality,mlp,__prediction_only__,943,0
wine_quality,mlp,__prediction_only__,775,0
wine_quality,mlp,__prediction_only__,540,0
wine_quality,mlp,__prediction_only__,199,0
wine_quality,mlp,__prediction_only__,867,0
wine_quality,mlp,__prediction_only__,1492,0
wine_quality,mlp,__prediction_only__,1155,0
wine_quality,mlp,__prediction_only__,1344,0
wine_quality,mlp,__prediction_only__,668,0
wine_quality,mlp,__prediction_only__,337,0
wine_quality,mlp,__prediction_only__,1038,1
wine_quality,mlp,__prediction_only__,1300,0
wine_quality,mlp,__prediction_only__,219,0
wine_quality,mlp,__prediction_only__,1145,0
wine_quality,mlp,__prediction_only__,1391,0
wine_quality,mlp,__prediction_only__,849,0
wine_quality,mlp,__prediction_only__,581,0
wine_quality,mlp,__prediction_only__,1565,0
wine_quality,mlp,__prediction_only__,812,0
wine_quality,mlp,__prediction_only__,1333,0
wine_quality,mlp,__prediction_only__,679,0
wine_quality,mlp,__prediction_only__,374,1
wine_quality,mlp,__prediction_only__,1459,1
wine_quality,mlp,__prediction_only__,1001,0
wine_quality,mlp,__prediction_only__,371,0
wine_quality,mlp,__prediction_only__,851,0
wine_quality,mlp,__prediction_only__,142,0
wine_quality,mlp,__prediction_only__,25,0
wine_quality,mlp,__prediction_only__,1309,0
wine_quality,mlp,__prediction_only__,186,0
wine_quality,mlp,__prediction_only__,27,0
wine_quality,mlp,__prediction_only__,896,1
wine_quality,mlp,__prediction_only__,1246,0
wine_quality,mlp,__prediction_only__,550,0
wine_quality,mlp,__prediction_only__,291,0
wine_quality,mlp,__prediction_only__,257,0
wine_quality,mlp,__prediction_only__,845,0
wine_quality,mlp,__prediction_only__,662,0
wine_quality,mlp,__prediction_only__,1010,1
wine_quality,mlp,__prediction_only__,1189,0
wine_quality,mlp,__prediction_only__,251,0
wine_quality,mlp,__prediction_only__,628,0
wine_quality,mlp,__prediction_only__,197,1
wine_quality,mlp,__prediction_only__,646,0
wine_quality,mlp,__prediction_only__,932,0
wine_quality,mlp,__prediction_only__,118,0
wine_quality,mlp,__prediction_only__,1465,0
wine_quality,mlp,__prediction_only__,200,0
wine_quality,mlp,__prediction_only__,828,1
wine_quality,mlp,__prediction_only__,1386,0
wine_quality,mlp,__prediction_only__,1133,0
wine_quality,mlp,__prediction_only__,515,0
wine_quality,mlp,__prediction_only__,42,0
wine_quality,mlp,__prediction_only__,1385,0
wine_quality,mlp,__prediction_only__,1387,0
wine_quality,mlp,__prediction_only__,364,0
wine_quality,mlp,__prediction_only__,1063,1
wine_quality,mlp,__prediction_only__,1033,0
wine_quality,mlp,__prediction_only__,620,0
wine_quality,mlp,__prediction_only__,463,0
wine_quality,mlp,__prediction_only__,154,0
wine_quality,mlp,__prediction_only__,426,0
wine_quality,mlp,__prediction_only__,1014,0
wine_quality,mlp,__prediction_only__,378,0
wine_quality,mlp,__prediction_only__,471,0
wine_quality,mlp,__prediction_only__,974,1
wine_quality,mlp,__prediction_only__,741,0
wine_quality,mlp,__prediction_only__,102,0
wine_quality,mlp,__prediction_only__,993,0
wine_quality,mlp,__prediction_only__,592,0
wine_quality,mlp,__prediction_only__,474,0
wine_quality,mlp,__prediction_only__,470,0
wine_quality,mlp,__prediction_only__,487,0
wine_quality,mlp,__prediction_only__,51,0
wine_quality,mlp,__prediction_only__,1087,0
wine_quality,mlp,__prediction_only__,1514,0
wine_quality,mlp,__prediction_only__,1334,0
wine_quality,mlp,__prediction_only__,442,0
wine_quality,mlp,__prediction_only__,112,0
wine_quality,mlp,__prediction_only__,320,0
wine_quality,mlp,__prediction_only__,1040,0
wine_quality,mlp,__prediction_only__,275,0
wine_quality,mlp,__prediction_only__,453,0
wine_quality,mlp,__prediction_only__,170,0
wine_quality,mlp,__prediction_only__,677,0
wine_quality,mlp,__prediction_only__,516,0
wine_quality,mlp,__prediction_only__,354,0
wine_quality,mlp,__prediction_only__,541,0
wine_quality,mlp,__prediction_only__,1152,0
wine_quality,mlp,__prediction_only__,1504,0
wine_quality,mlp,__prediction_only__,1193,0
wine_quality,mlp,__prediction_only__,693,0
wine_quality,mlp,__prediction_only__,88,0
wine_quality,mlp,__prediction_only__,1239,0
wine_quality,mlp,__prediction_only__,1259,0
wine_quality,mlp,__prediction_only__,1289,0
wine_quality,mlp,__prediction_only__,1135,0
wine_quality,mlp,__prediction_only__,1012,0
wine_quality,mlp,__prediction_only__,176,0
wine_quality,mlp,__prediction_only__,1460,0
wine_quality,mlp,__prediction_only__,36,0
wine_quality,mlp,__prediction_only__,1535,0
wine_quality,mlp,__prediction_only__,1538,0
wine_quality,mlp,__prediction_only__,1114,0
wine_quality,mlp,__prediction_only__,415,0
wine_quality,mlp,__prediction_only__,132,0
wine_quality,mlp,__prediction_only__,689,0
wine_quality,mlp,__prediction_only__,223,0
wine_quality,mlp,__prediction_only__,588,1
wine_quality,mlp,__prediction_only__,696,0
wine_quality,mlp,__prediction_only__,1553,0
wine_quality,mlp,__prediction_only__,1102,0
wine_quality,mlp,__prediction_only__,413,1
wine_quality,mlp,__prediction_only__,1370,0
wine_quality,mlp,__prediction_only__,853,0
wine_quality,mlp,__prediction_only__,55,0
wine_quality,mlp,__prediction_only__,1227,0
wine_quality,mlp,__prediction_only__,937,0
wine_quality,mlp,__prediction_only__,744,0
wine_quality,mlp,__prediction_only__,755,0
wine_quality,mlp,__prediction_only__,1520,0
wine_quality,mlp,__prediction_only__,16,0
wine_quality,mlp,__prediction_only__,417,0
wine_quality,mlp,__prediction_only__,443,0
wine_quality,mlp,__prediction_only__,346,1
wine_quality,mlp,__prediction_only__,209,0
wine_quality,mlp,__prediction_only__,81,0
wine_quality,mlp,__prediction_only__,822,0
wine_quality,mlp,__prediction_only__,221,0
wine_quality,mlp,__prediction_only__,601,0
wine_quality,mlp,__prediction_only__,491,1
wine_quality,mlp,__prediction_only__,586,1
wine_quality,mlp,__prediction_only__,1037,0
wine_quality,mlp,__prediction_only__,1154,0
wine_quality,mlp,__prediction_only__,686,0
wine_quality,mlp,__prediction_only__,1360,0
wine_quality,mlp,__prediction_only__,833,0
wine_quality,mlp,__prediction_only__,1213,0
wine_quality,mlp,__prediction_only__,146,0
wine_quality,mlp,__prediction_only__,367,0
wine_quality,mlp,__prediction_only__,1405,1
wine_quality,mlp,__prediction_only__,1273,0
wine_quality,mlp,__prediction_only__,776,0
wine_quality,mlp,__prediction_only__,927,0
wine_quality,mlp,__prediction_only__,752,0
wine_quality,mlp,__prediction_only__,917,0
wine_quality,mlp,__prediction_only__,295,0
wine_quality,mlp,__prediction_only__,891,0
wine_quality,mlp,__prediction_only__,903,0
wine_quality,mlp,__prediction_only__,1555,0
wine_quality,mlp,__prediction_only__,530,0
wine_quality,mlp,__prediction_only__,1062,0
wine_quality,mlp,__prediction_only__,1534,0
wine_quality,mlp,__prediction_only__,134,0
wine_quality,mlp,__prediction_only__,829,0
wine_quality,mlp,__prediction_only__,962,0
wine_quality,mlp,__prediction_only__,1238,0
wine_quality,mlp,__prediction_only__,615,0
wine_quality,mlp,__prediction_only__,526,0
wine_quality,mlp,__prediction_only__,847,0
wine_quality,mlp,__prediction_only__,1090,0
wine_quality,mlp,__prediction_only__,598,0
wine_quality,mlp,__prediction_only__,39,0
wine_quality,mlp,__prediction_only__,768,0
wine_quality,mlp,__prediction_only__,748,0
wine_quality,mlp,__prediction_only__,806,1
wine_quality,mlp,__prediction_only__,1433,0
wine_quality,mlp,__prediction_only__,1523,0
wine_quality,mlp,__prediction_only__,519,0
wine_quality,mlp,__prediction_only__,477,1
wine_quality,mlp,__prediction_only__,565,0
wine_quality,mlp,__prediction_only__,1085,0
wine_quality,mlp,__prediction_only__,899,0
wine_quality,mlp,__prediction_only__,1108,0
wine_quality,mlp,__prediction_only__,594,0
wine_quality,mlp,__prediction_only__,363,0
wine_quality,mlp,__prediction_only__,416,0
wine_quality,mlp,__prediction_only__,585,0
wine_quality,mlp,__prediction_only__,860,0
wine_quality,mlp,__prediction_only__,1528,0
wine_quality,mlp,__prediction_only__,1557,0
wine_quality,mlp,__prediction_only__,125,0
wine_quality,mlp,__prediction_only__,391,0
wine_quality,mlp,__prediction_only__,1425,0
wine_quality,mlp,__prediction_only__,536,0
wine_quality,mlp,__prediction_only__,1547,0
wine_quality,mlp,__prediction_only__,1264,0
wine_quality,mlp,__prediction_only__,590,0
wine_quality,mlp,__prediction_only__,717,0
wine_quality,mlp,__prediction_only__,1564,0
wine_quality,mlp,__prediction_only__,794,0
wine_quality,mlp,__prediction_only__,1119,0
wine_quality,mlp,__prediction_only__,414,0
wine_quality,mlp,__prediction_only__,335,0
wine_quality,mlp,__prediction_only__,758,0
wine_quality,mlp,__prediction_only__,975,0
wine_quality,mlp,__prediction_only__,473,0
wine_quality,mlp,__prediction_only__,437,0
wine_quality,mlp,__prediction_only__,151,0
wine_quality,mlp,__prediction_only__,1415,0
wine_quality,mlp,__prediction_only__,649,0
wine_quality,mlp,__prediction_only__,130,0
wine_quality,mlp,__prediction_only__,924,0
wine_quality,mlp,__prediction_only__,961,0
wine_quality,mlp,__prediction_only__,1362,0
wine_quality,mlp,__prediction_only__,1513,0
wine_quality,mlp,__prediction_only__,1306,0
wine_quality,mlp,__prediction_only__,1420,0
wine_quality,mlp,__prediction_only__,981,0
wine_quality,mlp,__prediction_only__,1484,0
wine_quality,mlp,__prediction_only__,555,0
wine_quality,mlp,__prediction_only__,137,0
wine_quality,mlp,__prediction_only__,325,0
wine_quality,mlp,__prediction_only__,294,0
wine_quality,mlp,__prediction_only__,1002,1
wine_quality,mlp,__prediction_only__,389,0
wine_quality,mlp,__prediction_only__,957,0
wine_quality,mlp,__prediction_only__,1150,1
wine_quality,mlp,__prediction_only__,120,0
wine_quality,mlp,__prediction_only__,675,0
wine_quality,mlp,__prediction_only__,614,0
wine_quality,mlp,__prediction_only__,245,0
wine_quality,mlp,__prediction_only__,1455,0
wine_quality,mlp,__prediction_only__,240,0
wine_quality,mlp,__prediction_only__,406,0
wine_quality,mlp,__prediction_only__,284,0
wine_quality,mlp,__prediction_only__,455,1
wine_quality,mlp,__prediction_only__,818,0
wine_quality,mlp,__prediction_only__,1003,1
wine_quality,mlp,__prediction_only__,742,0
wine_quality,mlp,__prediction_only__,327,0
wine_quality,mlp,__prediction_only__,1359,0
wine_quality,mlp,__prediction_only__,1220,0
wine_quality,mlp,__prediction_only__,623,1
wine_quality,mlp,__prediction_only__,682,0
wine_quality,mlp,__prediction_only__,1194,0
wine_quality,mlp,__prediction_only__,1036,0
wine_quality,mlp,__prediction_only__,659,0
wine_quality,mlp,__prediction_only__,600,0
wine_quality,mlp,__prediction_only__,1593,0
wine_quality,mlp,__prediction_only__,365,1
wine_quality,mlp,__prediction_only__,1568,0
wine_quality,mlp,__prediction_only__,1240,0
wine_quality,mlp,__prediction_only__,409,0
wine_quality,mlp,__prediction_only__,653,0
wine_quality,mlp,__prediction_only__,203,0
wine_quality,mlp,__prediction_only__,271,0
wine_quality,mlp,__prediction_only__,736,0
wine_quality,mlp,__prediction_only__,394,0
wine_quality,mlp,__prediction_only__,618,0
wine_quality,mlp,__prediction_only__,165,0
wine_quality,mlp,__prediction_only__,1061,1
wine_quality,mlp,__prediction_only__,1286,0
wine_quality,mlp,__prediction_only__,1583,0
wine_quality,mlp,__prediction_only__,1591,0
wine_quality,mlp,__prediction_only__,892,0
wine_quality,mlp,__prediction_only__,436,0
wine_quality,mlp,__prediction_only__,309,0
wine_quality,mlp,__prediction_only__,229,0
wine_quality,mlp,__prediction_only__,357,1
wine_quality,mlp,__prediction_only__,1439,0
wine_quality,mlp,__prediction_only__,204,0
wine_quality,mlp,__prediction_only__,923,0
wine_quality,mlp,__prediction_only__,1487,0
wine_quality,mlp,__prediction_only__,1181,0
wine_quality,mlp,__prediction_only__,1533,0
wine_quality,mlp,__prediction_only__,508,0
wine_quality,mlp,__prediction_only__,1172,1
wine_quality,mlp,__prediction_only__,1027,0
wine_quality,mlp,__prediction_only__,1178,0
wine_quality,mlp,__prediction_only__,434,0
wine_quality,mlp,__prediction_only__,213,0
wine_quality,mlp,__prediction_only__,1447,0
wine_quality,mlp,__prediction_only__,231,0
wine_quality,mlp,__prediction_only__,763,0
wine_quality,mlp,__prediction_only__,1472,0
wine_quality,mlp,__prediction_only__,472,0
wine_quality,mlp,__prediction_only__,1327,0
wine_quality,mlp,__prediction_only__,766,0
wine_quality,mlp,__prediction_only__,19,0
wine_quality,mlp,__prediction_only__,1130,0
wine_quality,mlp,__prediction_only__,905,0
wine_quality,mlp,__prediction_only__,890,0
wine_quality,mlp,__prediction_only__,127,0
wine_quality,mlp,__prediction_only__,1018,0
wine_quality,mlp,__prediction_only__,270,0
wine_quality,mlp,__prediction_only__,1416,0
wine_quality,mlp,__prediction_only__,1229,0
wine_quality,mlp,__prediction_only__,1,0
wine_quality,mlp,__prediction_only__,984,0
wine_quality,mlp,__prediction_only__,1176,0
wine_quality,mlp,__prediction_only__,1107,1
wine_quality,mlp,__prediction_only__,1095,0
wine_quality,mlp,__prediction_only__,1330,0
wine_quality,mlp,__prediction_only__,241,0
wine_quality,mlp,__prediction_only__,1288,0
wine_quality,mlp,__prediction_only__,267,1
wine_quality,mlp,__prediction_only__,727,0
wine_quality,mlp,__prediction_only__,1488,0
wine_quality,mlp,__prediction_only__,278,1
wine_quality,mlp,__prediction_only__,1563,0
wine_quality,mlp,__prediction_only__,989,0
wine_quality,mlp,__prediction_only__,1436,0
wine_quality,mlp,__prediction_only__,451,0
wine_quality,mlp,__prediction_only__,864,0
wine_quality,mlp,__prediction_only__,1495,0
wine_quality,mlp,__prediction_only__,622,0
wine_quality,mlp,__prediction_only__,1413,0
wine_quality,mlp,__prediction_only__,616,0
wine_quality,mlp,__prediction_only__,1127,0
wine_quality,mlp,__prediction_only__,1552,0
wine_quality,mlp,__prediction_only__,728,0
wine_quality,mlp,__prediction_only__,726,0
wine_quality,mlp,__prediction_only__,959,0
wine_quality,mlp,__prediction_only__,44,0
wine_quality,mlp,__prediction_only__,666,0
wine_quality,mlp,__prediction_only__,242,0
wine_quality,mlp,__prediction_only__,117,0
wine_quality,mlp,__prediction_only__,779,0
wine_quality,mlp,__prediction_only__,1586,0
wine_quality,mlp,__prediction_only__,688,0
wine_quality,mlp,__prediction_only__,739,0
wine_quality,mlp,__prediction_only__,481,1
wine_quality,mlp,__prediction_only__,1124,0
wine_quality,mlp,__prediction_only__,1218,0
wine_quality,mlp,__prediction_only__,578,0
wine_quality,mlp,__prediction_only__,243,0
wine_quality,mlp,__prediction_only__,377,1
wine_quality,mlp,__prediction_only__,875,1
wine_quality,mlp,__prediction_only__,558,0
wine_quality,mlp,__prediction_only__,259,0
wine_quality,mlp,__prediction_only__,725,0
wine_quality,mlp,__prediction_only__,1377,0
wine_quality,mlp,__prediction_only__,1574,0
wine_quality,mlp,__prediction_only__,1348,0
wine_quality,mlp,__prediction_only__,319,0
wine_quality,mlp,__prediction_only__,227,0
wine_quality,mlp,__prediction_only__,1071,0
wine_quality,mlp,__prediction_only__,1546,0
wine_quality,mlp,__prediction_only__,10,0
wine_quality,mlp,__prediction_only__,1242,0
wine_quality,mlp,__prediction_only__,23,0
wine_quality,mlp,__prediction_only__,1507,0
wine_quality,mlp,__prediction_only__,1476,0
wine_quality,mlp,__prediction_only__,1206,0
wine_quality,mlp,__prediction_only__,108,0
wine_quality,mlp,__prediction_only__,1449,0
wine_quality,mlp,__prediction_only__,810,0
wine_quality,mlp,__prediction_only__,390,1
wine_quality,mlp,__prediction_only__,712,0
wine_quality,mlp,__prediction_only__,1508,0
wine_quality,mlp,__prediction_only__,897,0
wine_quality,mlp,__prediction_only__,456,0
wine_quality,mlp,__prediction_only__,1251,0
wine_quality,mlp,__prediction_only__,1398,0
wine_quality,mlp,__prediction_only__,292,0
wine_quality,mlp,__prediction_only__,639,0
wine_quality,mlp,__prediction_only__,167,0
wine_quality,mlp,__prediction_only__,579,0
wine_quality,mlp,__prediction_only__,1205,0
wine_quality,mlp,__prediction_only__,992,0
wine_quality,mlp,__prediction_only__,1596,0
wine_quality,mlp,__prediction_only__,835,0
wine_quality,mlp,__prediction_only__,719,0
wine_quality,mlp,__prediction_only__,1025,0
wine_quality,mlp,__prediction_only__,982,1
wine_quality,mlp,__prediction_only__,692,0
wine_quality,mlp,__prediction_only__,1346,0
wine_quality,mlp,__prediction_only__,1559,0
wine_quality,mlp,__prediction_only__,532,0
wine_quality,mlp,__prediction_only__,1070,1
wine_quality,mlp,__prediction_only__,172,0
wine_quality,mlp,__prediction_only__,738,0
wine_quality,mlp,__prediction_only__,656,0
wine_quality,mlp,__prediction_only__,1210,0
wine_quality,mlp,__prediction_only__,680,0
wine_quality,mlp,__prediction_only__,1192,1
wine_quality,mlp,__prediction_only__,1388,0
wine_quality,mlp,__prediction_only__,856,0
wine_quality,mlp,__prediction_only__,1079,0
wine_quality,mlp,__prediction_only__,902,0
wine_quality,mlp,__prediction_only__,814,0
wine_quality,mlp,__prediction_only__,92,0
wine_quality,mlp,__prediction_only__,535,0
wine_quality,mlp,__prediction_only__,1440,0
wine_quality,mlp,__prediction_only__,299,0
wine_quality,mlp,__prediction_only__,1081,0
wine_quality,mlp,__prediction_only__,1125,0
wine_quality,mlp,__prediction_only__,539,0
wine_quality,mlp,__prediction_only__,1262,0
wine_quality,mlp,__prediction_only__,372,0
wine_quality,mlp,__prediction_only__,316,0
wine_quality,mlp,__prediction_only__,1267,1
wine_quality,mlp,__prediction_only__,1197,0
wine_quality,mlp,__prediction_only__,1378,0
wine_quality,mlp,__prediction_only__,1199,0
wine_quality,mlp,__prediction_only__,1350,0
wine_quality,mlp,__prediction_only__,502,1
wine_quality,mlp,__prediction_only__,861,0
wine_quality,mlp,__prediction_only__,96,0
wine_quality,mlp,__prediction_only__,218,0
wine_quality,mlp,__prediction_only__,1316,0
wine_quality,mlp,__prediction_only__,1462,0
wine_quality,mlp,__prediction_only__,1255,0
wine_quality,mlp,__prediction_only__,1480,0
wine_quality,mlp,__prediction_only__,69,0
wine_quality,mlp,__prediction_only__,29,0
wine_quality,mlp,__prediction_only__,24,0
wine_quality,mlp,__prediction_only__,100,0
wine_quality,mlp,__prediction_only__,855,0
wine_quality,mlp,__prediction_only__,843,0
wine_quality,mlp,__prediction_only__,1424,0
wine_quality,mlp,__prediction_only__,595,0
wine_quality,mlp,__prediction_only__,1384,0
wine_quality,mlp,__prediction_only__,1269,0
wine_quality,mlp,__prediction_only__,211,0
wine_quality,mlp,__prediction_only__,954,0
wine_quality,mlp,__prediction_only__,1347,0
wine_quality,mlp,__prediction_only__,841,0
wine_quality,mlp,__prediction_only__,157,0
wine_quality,mlp,__prediction_only__,720,0
wine_quality,mlp,__prediction_only__,893,0
wine_quality,mlp,__prediction_only__,1556,0
wine_quality,mlp,__prediction_only__,438,0
wine_quality,mlp,__prediction_only__,1511,0
wine_quality,mlp,__prediction_only__,216,0
wine_quality,mlp,__prediction_only__,1075,0
wine_quality,mlp,__prediction_only__,362,0
wine_quality,mlp,__prediction_only__,1515,0
wine_quality,mlp,__prediction_only__,929,1
wine_quality,mlp,__prediction_only__,1195,0
wine_quality,mlp,__prediction_only__,1562,0
wine_quality,mlp,__prediction_only__,149,0
wine_quality,mlp,__prediction_only__,524,0
wine_quality,mlp,__prediction_only__,894,0
wine_quality,mlp,__prediction_only__,721,0
wine_quality,mlp,__prediction_only__,163,0
wine_quality,mlp,__prediction_only__,1207,0
wine_quality,mlp,__prediction_only__,542,0
wine_quality,mlp,__prediction_only__,1324,0
wine_quality,mlp,__prediction_only__,1211,0
wine_quality,mlp,__prediction_only__,1315,0
wine_quality,mlp,__prediction_only__,432,0
wine_quality,mlp,__prediction_only__,207,0
wine_quality,mlp,__prediction_only__,1519,0
wine_quality,mlp,__prediction_only__,528,0
wine_quality,mlp,__prediction_only__,103,0
wine_quality,mlp,__prediction_only__,382,0
wine_quality,mlp,__prediction_only__,1355,0
wine_quality,mlp,__prediction_only__,1215,0
wine_quality,mlp,__prediction_only__,964,0
wine_quality,mlp,__prediction_only__,572,0
wine_quality,mlp,__prediction_only__,1021,0
wine_quality,mlp,__prediction_only__,1151,0
wine_quality,mlp,__prediction_only__,1247,0
wine_quality,mlp,__prediction_only__,641,0
wine_quality,mlp,__prediction_only__,1577,0
wine_quality,mlp,__prediction_only__,422,0
wine_quality,mlp,__prediction_only__,800,0
wine_quality,mlp,__prediction_only__,707,0
wine_quality,mlp,__prediction_only__,789,0
wine_quality,mlp,__prediction_only__,380,0
wine_quality,mlp,__prediction_only__,1094,0
wine_quality,mlp,__prediction_only__,423,1
wine_quality,mlp,__prediction_only__,1512,0
wine_quality,mlp,__prediction_only__,1200,0
wine_quality,mlp,__prediction_only__,1392,0
wine_quality,mlp,__prediction_only__,41,0
wine_quality,mlp,__prediction_only__,140,0
wine_quality,mlp,__prediction_only__,873,0
wine_quality,mlp,__prediction_only__,672,0
wine_quality,mlp,__prediction_only__,1121,0
wine_quality,mlp,__prediction_only__,192,0
wine_quality,mlp,__prediction_only__,1235,0
wine_quality,mlp,__prediction_only__,126,0
wine_quality,mlp,__prediction_only__,1494,0
wine_quality,mlp,__prediction_only__,1120,1
wine_quality,mlp,__prediction_only__,237,0
wine_quality,mlp,__prediction_only__,1159,0
wine_quality,mlp,__prediction_only__,877,0
wine_quality,mlp,__prediction_only__,1059,0
wine_quality,mlp,__prediction_only__,507,0
wine_quality,mlp,__prediction_only__,1341,0
wine_quality,mlp,__prediction_only__,454,0
wine_quality,mlp,__prediction_only__,1461,0
wine_quality,mlp,__prediction_only__,217,0
wine_quality,mlp,__prediction_only__,1369,0
wine_quality,mlp,__prediction_only__,1279,0
wine_quality,mlp,__prediction_only__,626,0
wine_quality,mlp,__prediction_only__,1510,0
wine_quality,mlp,__prediction_only__,1128,0
wine_quality,mlp,__prediction_only__,269,0
wine_quality,mlp,__prediction_only__,195,0
wine_quality,mlp,__prediction_only__,1146,0
wine_quality,mlp,__prediction_only__,261,0
wine_quality,mlp,__prediction_only__,302,0
wine_quality,mlp,__prediction_only__,1374,0
wine_quality,mlp,__prediction_only__,448,0
wine_quality,mlp,__prediction_only__,870,0
wine_quality,mlp,__prediction_only__,366,0
wine_quality,mlp,__prediction_only__,871,0
wine_quality,mlp,__prediction_only__,743,0
wine_quality,mlp,__prediction_only__,452,0
wine_quality,mlp,__prediction_only__,212,0
wine_quality,mlp,__prediction_only__,152,0
wine_quality,mlp,__prediction_only__,1524,0
wine_quality,mlp,__prediction_only__,244,0
wine_quality,mlp,__prediction_only__,1473,0
wine_quality,mlp,__prediction_only__,1039,0
wine_quality,mlp,__prediction_only__,921,0
wine_quality,mlp,__prediction_only__,344,0
wine_quality,mlp,__prediction_only__,640,0
wine_quality,mlp,__prediction_only__,1337,0
wine_quality,mlp,__prediction_only__,1278,0
wine_quality,mlp,__prediction_only__,347,0
wine_quality,mlp,__prediction_only__,521,0
wine_quality,mlp,__prediction_only__,972,1
wine_quality,mlp,__prediction_only__,997,0
wine_quality,mlp,__prediction_only__,1126,0
wine_quality,mlp,__prediction_only__,830,0
wine_quality,mlp,__prediction_only__,158,0
wine_quality,mlp,__prediction_only__,136,0
wine_quality,mlp,__prediction_only__,1478,0
wine_quality,mlp,__prediction_only__,17,0
wine_quality,mlp,__prediction_only__,1263,0
wine_quality,mlp,__prediction_only__,156,0
wine_quality,mlp,__prediction_only__,193,0
wine_quality,mlp,__prediction_only__,37,0
wine_quality,mlp,__prediction_only__,1058,0
wine_quality,mlp,__prediction_only__,546,0
wine_quality,mlp,__prediction_only__,1516,0
wine_quality,mlp,__prediction_only__,439,0
wine_quality,mlp,__prediction_only__,1485,0
wine_quality,mlp,__prediction_only__,57,0
wine_quality,mlp,__prediction_only__,265,0
wine_quality,mlp,__prediction_only__,339,0
wine_quality,mlp,__prediction_only__,282,0
wine_quality,mlp,__prediction_only__,1322,0
wine_quality,mlp,__prediction_only__,554,0
wine_quality,mlp,__prediction_only__,778,0
wine_quality,mlp,__prediction_only__,1009,0
wine_quality,mlp,__prediction_only__,311,0
wine_quality,mlp,__prediction_only__,1453,0
wine_quality,mlp,__prediction_only__,1329,0
wine_quality,mlp,__prediction_only__,928,0
wine_quality,mlp,__prediction_only__,1356,0
wine_quality,mlp,__prediction_only__,460,0
wine_quality,mlp,__prediction_only__,424,0
wine_quality,mlp,__prediction_only__,38,0
wine_quality,mlp,__prediction_only__,544,0
wine_quality,mlp,__prediction_only__,722,0
wine_quality,mlp,__prediction_only__,1319,0
wine_quality,mlp,__prediction_only__,1365,0
wine_quality,mlp,__prediction_only__,1016,1
wine_quality,mlp,__prediction_only__,255,0
wine_quality,mlp,__prediction_only__,1297,0
wine_quality,mlp,__prediction_only__,642,0
wine_quality,mlp,__prediction_only__,1407,0
wine_quality,mlp,__prediction_only__,782,0
wine_quality,mlp,__prediction_only__,1250,0
wine_quality,mlp,__prediction_only__,1011,0
wine_quality,mlp,__prediction_only__,562,0
wine_quality,mlp,__prediction_only__,15,0
wine_quality,mlp,__prediction_only__,599,0
wine_quality,mlp,__prediction_only__,1442,0
wine_quality,mlp,__prediction_only__,425,0
wine_quality,mlp,__prediction_only__,1019,0
wine_quality,mlp,__prediction_only__,1302,0
wine_quality,mlp,__prediction_only__,767,0
wine_quality,mlp,__prediction_only__,953,1
wine_quality,mlp,__prediction_only__,632,0
wine_quality,mlp,__prediction_only__,1274,0
wine_quality,mlp,__prediction_only__,1045,0
wine_quality,mlp,__prediction_only__,1046,0
wine_quality,mlp,__prediction_only__,431,0
wine_quality,mlp,__prediction_only__,910,0
wine_quality,mlp,__prediction_only__,909,0
wine_quality,mlp,__prediction_only__,1438,0
wine_quality,mlp,__prediction_only__,1131,0
wine_quality,mlp,__prediction_only__,1236,0
wine_quality,mlp,__prediction_only__,1531,0
wine_quality,mlp,__prediction_only__,703,0
wine_quality,mlp,__prediction_only__,761,0
wine_quality,mlp,__prediction_only__,496,0
wine_quality,mlp,__prediction_only__,950,1
wine_quality,mlp,__prediction_only__,306,0
wine_quality,mlp,__prediction_only__,839,0
wine_quality,mlp,__prediction_only__,166,0
wine_quality,mlp,__prediction_only__,1505,0
wine_quality,mlp,__prediction_only__,580,0
